<?xml version="1.0" encoding="UTF-8"?>
<assessmentItem xmlns="http://www.imsglobal.org/xsd/imsqti_v2p2" xmlns:m="http://www.w3.org/1998/Math/MathML" xmlns:xsi="http://www.w3.org/2001/XMLSchema-instance" xsi:schemaLocation="http://www.imsglobal.org/xsd/imsqti_v2p2 http://www.imsglobal.org/xsd/qti/qtiv2p2/imsqti_v2p2.xsd" identifier="i65ce0b294216984ce36ecb04bc7336" title="PCI text reading" label="PCI text reading" xml:lang="en-US" adaptive="false" timeDependent="false" toolName="TAO" toolVersion="2024.02">
  <responseDeclaration identifier="RESPONSE" cardinality="single" baseType="file"/>
  <responseDeclaration identifier="RESPONSE_1" cardinality="single" baseType="boolean">
    <defaultValue>
      <value><![CDATA[true]]></value>
    </defaultValue>
  </responseDeclaration>
  <outcomeDeclaration identifier="SCORE" cardinality="single" baseType="float" normalMaximum="0" normalMinimum="0"/>
  <outcomeDeclaration identifier="MAXSCORE" cardinality="single" baseType="float">
    <defaultValue>
      <value>0</value>
    </defaultValue>
  </outcomeDeclaration>
  <itemBody>
    <div class="grid-row">
      <div class="col-12">
        <div class="custom-text-box ">
          <p>
            <strong>Please read the following text, then click the "record" button and read it aloud a new time. Once you're done, click the "stop" button.</strong>
          </p>
        </div>
      </div>
    </div>
    <div class="grid-row">
      <div class="col-6">
        <customInteraction responseIdentifier="RESPONSE_1">
          <portableCustomInteraction xmlns="http://www.imsglobal.org/xsd/portableCustomInteraction_v1" customInteractionTypeIdentifier="textReaderInteraction" data-version="1.1.2">
            <properties>
              <property key="pageHeight">600</property>
              <property key="tabsPosition">top</property>
              <property key="navigation">both</property>
              <property key="multiPages">true</property>
              <property key="pages">[{"label":"Page 1","content":["&lt;h1&gt;The Raven&lt;/h1&gt;\n\n&lt;address&gt;by Edgar Allan Poe&lt;/address&gt;\n\n&lt;p&gt; &lt;/p&gt;\n\n&lt;p&gt;Once upon a midnight dreary, while I pondered, weak and weary,&lt;/p&gt;\n\n&lt;p&gt;Over many a quaint and curious volume of forgotten lore—&lt;/p&gt;\n\n&lt;p&gt;While I nodded, nearly napping, suddenly there came a tapping,&lt;/p&gt;\n\n&lt;p&gt;As of some one gently rapping, rapping at my chamber door.&lt;/p&gt;\n\n&lt;p&gt;“’Tis some visitor,” I muttered, “tapping at my chamber door—&lt;/p&gt;\n\n&lt;p&gt;Only this and nothing more.”&lt;/p&gt;\n\n&lt;p&gt; &lt;/p&gt;\n\n&lt;p&gt;Ah, distinctly I remember it was in the bleak December;&lt;/p&gt;\n\n&lt;p&gt;And each separate dying ember wrought its ghost upon the floor.&lt;/p&gt;\n\n&lt;p&gt;Eagerly I wished the morrow;—vainly I had sought to borrow&lt;/p&gt;\n\n&lt;p&gt;From my books surcease of sorrow—sorrow for the lost Lenore—&lt;/p&gt;\n\n&lt;p&gt;For the rare and radiant maiden whom the angels name Lenore—&lt;/p&gt;\n\n&lt;p&gt;Nameless here for evermore.&lt;/p&gt;\n\n&lt;p&gt; &lt;/p&gt;\n\n&lt;p&gt;And the silken, sad, uncertain rustling of each purple curtain&lt;/p&gt;\n\n&lt;p&gt;Thrilled me—filled me with fantastic terrors never felt before;&lt;/p&gt;\n\n&lt;p&gt;So that now, to still the beating of my heart, I stood repeating&lt;/p&gt;\n\n&lt;p&gt;“’Tis some visitor entreating entrance at my chamber door—&lt;/p&gt;\n\n&lt;p&gt;Some late visitor entreating entrance at my chamber door;—&lt;/p&gt;\n\n&lt;p&gt;This it is and nothing more.”&lt;/p&gt;"],"id":0},{"label":"Page 5","content":["&lt;p&gt;Presently my soul grew stronger; hesitating then no longer,&lt;/p&gt;\n\n&lt;p&gt;“Sir,” said I, “or Madam, truly your forgiveness I implore;&lt;/p&gt;\n\n&lt;p&gt;But the fact is I was napping, and so gently you came rapping,&lt;/p&gt;\n\n&lt;p&gt;And so faintly you came tapping, tapping at my chamber door,&lt;/p&gt;\n\n&lt;p&gt;That I scarce was sure I heard you”—here I opened wide the door;—&lt;/p&gt;\n\n&lt;p&gt;Darkness there and nothing more.&lt;/p&gt;\n\n&lt;p&gt; &lt;/p&gt;\n\n&lt;p&gt;Deep into that darkness peering, long I stood there wondering, fearing,&lt;/p&gt;\n\n&lt;p&gt;Doubting, dreaming dreams no mortal ever dared to dream before;&lt;/p&gt;\n\n&lt;p&gt;But the silence was unbroken, and the stillness gave no token,&lt;/p&gt;\n\n&lt;p&gt;And the only word there spoken was the whispered word, “Lenore?”&lt;/p&gt;\n\n&lt;p&gt;This I whispered, and an echo murmured back the word, “Lenore!”—&lt;/p&gt;\n\n&lt;p&gt;Merely this and nothing more.&lt;/p&gt;\n\n&lt;p&gt; &lt;/p&gt;\n\n&lt;p&gt;Back into the chamber turning, all my soul within me burning,&lt;/p&gt;\n\n&lt;p&gt;Soon again I heard a tapping somewhat louder than before.&lt;/p&gt;\n\n&lt;p&gt;“Surely,” said I, “surely that is something at my window lattice;&lt;/p&gt;\n\n&lt;p&gt;Let me see, then, what thereat is, and this mystery explore—&lt;/p&gt;\n\n&lt;p&gt;Let my heart be still a moment and this mystery explore;—&lt;/p&gt;\n\n&lt;p&gt;’Tis the wind and nothing more!”&lt;/p&gt;"],"id":4},{"label":"Page 7","content":["&lt;p&gt;Open here I flung the shutter, when, with many a flirt and flutter,&lt;/p&gt;\n\n&lt;p&gt;In there stepped a stately Raven of the saintly days of yore;&lt;/p&gt;\n\n&lt;p&gt;Not the least obeisance made he; not a minute stopped or stayed he;&lt;/p&gt;\n\n&lt;p&gt;But, with mien of lord or lady, perched above my chamber door—&lt;/p&gt;\n\n&lt;p&gt;Perched upon a bust of Pallas just above my chamber door—&lt;/p&gt;\n\n&lt;p&gt;Perched, and sat, and nothing more.&lt;/p&gt;\n\n&lt;p&gt; &lt;/p&gt;\n\n&lt;p&gt;Then this ebony bird beguiling my sad fancy into smiling,&lt;/p&gt;\n\n&lt;p&gt;By the grave and stern decorum of the countenance it wore,&lt;/p&gt;\n\n&lt;p&gt;“Though thy crest be shorn and shaven, thou,” I said, “art sure no craven,&lt;/p&gt;\n\n&lt;p&gt;Ghastly grim and ancient Raven wandering from the Nightly shore—&lt;/p&gt;\n\n&lt;p&gt;Tell me what thy lordly name is on the Night’s Plutonian shore!”&lt;/p&gt;\n\n&lt;p&gt;Quoth the Raven “Nevermore.”&lt;/p&gt;\n\n&lt;p&gt; &lt;/p&gt;\n\n&lt;p&gt;Much I marvelled this ungainly fowl to hear discourse so plainly,&lt;/p&gt;\n\n&lt;p&gt;Though its answer little meaning—little relevancy bore;&lt;/p&gt;\n\n&lt;p&gt;For we cannot help agreeing that no living human being&lt;/p&gt;\n\n&lt;p&gt;Ever yet was blessed with seeing bird above his chamber door—&lt;/p&gt;\n\n&lt;p&gt;Bird or beast upon the sculptured bust above his chamber door,&lt;/p&gt;\n\n&lt;p&gt;With such name as “Nevermore.”&lt;/p&gt;"],"id":6},{"label":"Page 11","content":["&lt;p&gt;But the Raven, sitting lonely on the placid bust, spoke only&lt;/p&gt;\n\n&lt;p&gt;That one word, as if his soul in that one word he did outpour.&lt;/p&gt;\n\n&lt;p&gt;Nothing farther then he uttered—not a feather then he fluttered—&lt;/p&gt;\n\n&lt;p&gt;Till I scarcely more than muttered “Other friends have flown before—&lt;/p&gt;\n\n&lt;p&gt;On the morrow he will leave me, as my Hopes have flown before.”&lt;/p&gt;\n\n&lt;p&gt;Then the bird said “Nevermore.”&lt;/p&gt;\n\n&lt;p&gt; &lt;/p&gt;\n\n&lt;p&gt;Startled at the stillness broken by reply so aptly spoken,&lt;/p&gt;\n\n&lt;p&gt;“Doubtless,” said I, “what it utters is its only stock and store&lt;/p&gt;\n\n&lt;p&gt;Caught from some unhappy master whom unmerciful Disaster&lt;/p&gt;\n\n&lt;p&gt;Followed fast and followed faster till his songs one burden bore—&lt;/p&gt;\n\n&lt;p&gt;Till the dirges of his Hope that melancholy burden bore&lt;/p&gt;\n\n&lt;p&gt;Of ‘Never—nevermore’.”&lt;/p&gt;\n\n&lt;p&gt; &lt;/p&gt;\n\n&lt;p&gt;But the Raven still beguiling all my fancy into smiling,&lt;/p&gt;\n\n&lt;p&gt;Straight I wheeled a cushioned seat in front of bird, and bust and door;&lt;/p&gt;\n\n&lt;p&gt;Then, upon the velvet sinking, I betook myself to linking&lt;/p&gt;\n\n&lt;p&gt;Fancy unto fancy, thinking what this ominous bird of yore—&lt;/p&gt;\n\n&lt;p&gt;What this grim, ungainly, ghastly, gaunt, and ominous bird of yore&lt;/p&gt;\n\n&lt;p&gt;Meant in croaking “Nevermore.”&lt;/p&gt;"],"id":10},{"label":"Page 7","content":["&lt;p&gt;This I sat engaged in guessing, but no syllable expressing&lt;/p&gt;\n\n&lt;p&gt;To the fowl whose fiery eyes now burned into my bosom’s core;&lt;/p&gt;\n\n&lt;p&gt;This and more I sat divining, with my head at ease reclining&lt;/p&gt;\n\n&lt;p&gt;On the cushion’s velvet lining that the lamp-light gloated o’er,&lt;/p&gt;\n\n&lt;p&gt;But whose velvet-violet lining with the lamp-light gloating o’er,&lt;/p&gt;\n\n&lt;p&gt;She shall press, ah, nevermore!&lt;/p&gt;\n\n&lt;p&gt; &lt;/p&gt;\n\n&lt;p&gt;Then, methought, the air grew denser, perfumed from an unseen censer&lt;/p&gt;\n\n&lt;p&gt;Swung by Seraphim whose foot-falls tinkled on the tufted floor.&lt;/p&gt;\n\n&lt;p&gt;“Wretch,” I cried, “thy God hath lent thee—by these angels he hath sent thee&lt;/p&gt;\n\n&lt;p&gt;Respite—respite and nepenthe from thy memories of Lenore;&lt;/p&gt;\n\n&lt;p&gt;Quaff, oh quaff this kind nepenthe and forget this lost Lenore!”&lt;/p&gt;\n\n&lt;p&gt;Quoth the Raven “Nevermore.”&lt;/p&gt;\n\n&lt;p&gt; &lt;/p&gt;\n\n&lt;p&gt;“Prophet!” said I, “thing of evil!—prophet still, if bird or devil!—&lt;/p&gt;\n\n&lt;p&gt;Whether Tempter sent, or whether tempest tossed thee here ashore,&lt;/p&gt;\n\n&lt;p&gt;Desolate yet all undaunted, on this desert land enchanted—&lt;/p&gt;\n\n&lt;p&gt;On this home by Horror haunted—tell me truly, I implore—&lt;/p&gt;\n\n&lt;p&gt;Is there—is there balm in Gilead?—tell me—tell me, I implore!”&lt;/p&gt;\n\n&lt;p&gt;Quoth the Raven “Nevermore.”&lt;/p&gt;"],"id":11},{"label":"Page 6","content":["&lt;p&gt;“Prophet!” said I, “thing of evil!—prophet still, if bird or devil!&lt;/p&gt;\n\n&lt;p&gt;By that Heaven that bends above us—by that God we both adore—&lt;/p&gt;\n\n&lt;p&gt;Tell this soul with sorrow laden if, within the distant Aidenn,&lt;/p&gt;\n\n&lt;p&gt;It shall clasp a sainted maiden whom the angels name Lenore—&lt;/p&gt;\n\n&lt;p&gt;Clasp a rare and radiant maiden whom the angels name Lenore.”&lt;/p&gt;\n\n&lt;p&gt;Quoth the Raven “Nevermore.”&lt;/p&gt;\n\n&lt;p&gt; &lt;/p&gt;\n\n&lt;p&gt;“Be that word our sign of parting, bird or fiend!” I shrieked, upstarting—&lt;/p&gt;\n\n&lt;p&gt;“Get thee back into the tempest and the Night’s Plutonian shore!&lt;/p&gt;\n\n&lt;p&gt;Leave no black plume as a token of that lie thy soul hath spoken!&lt;/p&gt;\n\n&lt;p&gt;Leave my loneliness unbroken!—quit the bust above my door!&lt;/p&gt;\n\n&lt;p&gt;Take thy beak from out my heart, and take thy form from off my door!”&lt;/p&gt;\n\n&lt;p&gt;Quoth the Raven “Nevermore.”&lt;/p&gt;\n\n&lt;p&gt; &lt;/p&gt;\n\n&lt;p&gt;And the Raven, never flitting, still is sitting, still is sitting&lt;/p&gt;\n\n&lt;p&gt;On the pallid bust of Pallas just above my chamber door;&lt;/p&gt;\n\n&lt;p&gt;And his eyes have all the seeming of a demon’s that is dreaming,&lt;/p&gt;\n\n&lt;p&gt;And the lamp-light o’er him streaming throws his shadow on the floor;&lt;/p&gt;\n\n&lt;p&gt;And my soul from out that shadow that lies floating on the floor&lt;/p&gt;\n\n&lt;p&gt;Shall be lifted—nevermore!&lt;/p&gt;"],"id":12}]</property>
              <property key="buttonLabels">{"prev":"Previous","next":"Next"}</property>
              <property key="onePageNavigation">true</property>
              <property key="tooltips">[]</property>
            </properties>
            <modules>
                    <module id="textReaderInteraction/runtime/textReaderInteraction.min" primaryPath="../runtime/textReaderInteraction.min.js"/></modules>
            <markup xmlns="http://www.w3.org/1999/xhtml">
              <div class="textReaderInteraction qti-interaction">
                <div class="tr-wrap">
                  <div class="tr-content js-page-container">
        </div>
                  <div class="js-nav-container">
        </div>
                </div>
                <script class="text-reader-pages-tpl" type="text/x-handlebars-template"><![CDATA[
        <div class="tr-tabs js-page-tabs tr-tabs-{{tabsPosition}} clearfix">
            {{#if showTabs}}
            <ul class="tr-tab-buttons js-tab-buttons">
                {{#each pages}}
                <li data-page-num="{{@index}}" data-page-id="{{id}}" class="tr-tab-buttons__item" role="button" tabindex="0">
                    <span class="tr-tab-label">{{inc @index}}</span>
                </li>
                {{/each}}
            </ul>
            {{/if}}
            <div class="tr-pages-wrap clearfix">
                <div class="tr-pages" style="height: {{pageWrapperHeight}}px">
                    {{#each pages}}
                    <div data-page-num="{{@index}}" data-page-id="{{id}}" class="tr-page js-tab-content tr-tabs-{{@index}}">
                        <div class="tr-passage" style="height: {{../pageHeight}}px" >
                            {{#each content}}
                            <div class="tr-passage-column widget-blockInteraction js-page-column" data-page-col-index="{{@index}}">
                                {{{this}}}
                            </div>
                            {{/each}}
                        </div>
                    </div>
                    {{/each}}
                </div>
            </div>
        </div>
        ]]></script>
                <script class="text-reader-nav-tpl" type="text/x-handlebars-template"><![CDATA[
        {{#if showNavigation}}
        <div class="tr-nav-wrap tr-nav-{{tabsPosition}}">
            <div class="tr-nav">
                <div class="tr-nav__col js-prev-page">
                    <button class="btn-info small">{{../buttonLabels.prev}}</button>
                </div>
                <div class="tr-nav__col">
                    Page <span class="js-current-page">{{../currentPage}}</span> / {{../pagesNum}}
                </div>
                <div class="tr-nav__col js-next-page">
                    <button class="btn-info small">{{../buttonLabels.next}}</button>
                </div>
            </div>
        </div>
        {{/if}}
        ]]></script>
              </div>
            </markup>
          </portableCustomInteraction>
        </customInteraction>
      </div>
      <div class="col-6">
        <customInteraction responseIdentifier="RESPONSE">
          <portableCustomInteraction xmlns="http://www.imsglobal.org/xsd/portableCustomInteraction_v1" customInteractionTypeIdentifier="audioRecordingInteraction" data-version="1.2.1">
            <properties>
              <property key="isReviewMode"></property>
              <property key="allowPlayback">true</property>
              <property key="hideStopButton"></property>
              <property key="autoStart"></property>
              <property key="hideRecordButton"></property>
              <property key="autoPlayback"></property>
              <property key="playSound"></property>
              <property key="delayMinutes">0</property>
              <property key="delaySeconds">0</property>
              <property key="maxRecords">2</property>
              <property key="maxRecordingTime">120</property>
              <property key="isCompressed">true</property>
              <property key="audioBitrate">20000</property>
              <property key="isStereo"></property>
              <property key="media">{"autostart":true,"replayTimeout":5,"maxPlays":2,"loop":false,"pause":false,"uri":null,"type":null,"height":270,"width":480}</property>
              <property key="displayDownloadLink"></property>
              <property key="updateResponsePartially">true</property>
              <property key="partialUpdateInterval">1000</property>
            </properties>
            <modules>
                    <module id="audioRecordingInteraction/runtime/audioRecordingInteraction.min" primaryPath="../runtime/audioRecordingInteraction.min.js"/></modules>
            <markup xmlns="http://www.w3.org/1999/xhtml">
              <div class="audioRecordingInteraction">
                <div class="audio-rec">
                  <div class="input-meter">
                    <div class="countdown-pie-chart"> </div>
                    <div class="leds"> </div>
                    <div class="mic"> </div>
                  </div>
                  <div class="progress"> </div>
                  <div class="controls"> </div>
                </div>
              </div>
            </markup>
          </portableCustomInteraction>
        </customInteraction>
      </div>
    </div>
  </itemBody>
  <responseProcessing>
    <responseCondition>
      <responseIf>
        <match>
          <variable identifier="RESPONSE_1"/>
          <correct identifier="RESPONSE_1"/>
        </match>
        <setOutcomeValue identifier="SCORE">
          <sum>
            <variable identifier="SCORE"/>
            <baseValue baseType="integer">1</baseValue>
          </sum>
        </setOutcomeValue>
      </responseIf>
    </responseCondition>
    <responseCondition>
      <responseIf>
        <match>
          <variable identifier="RESPONSE"/>
          <correct identifier="RESPONSE"/>
        </match>
        <setOutcomeValue identifier="SCORE">
          <sum>
            <variable identifier="SCORE"/>
            <baseValue baseType="integer">1</baseValue>
          </sum>
        </setOutcomeValue>
      </responseIf>
    </responseCondition>
  </responseProcessing>
</assessmentItem>
