<?xml version="1.0" encoding="UTF-8"?>
<assessmentItem xmlns="http://www.imsglobal.org/xsd/imsqti_v2p2" xmlns:m="http://www.w3.org/1998/Math/MathML" xmlns:xsi="http://www.w3.org/2001/XMLSchema-instance" xmlns:html5="html5" xsi:schemaLocation="http://www.imsglobal.org/xsd/imsqti_v2p2 http://www.imsglobal.org/xsd/qti/qtiv2p2/imsqti_v2p2.xsd" identifier="i65ce35d70853b8f778611af0742055" title="PCI likert" label="PCI likert" xml:lang="en-US" adaptive="false" timeDependent="false" toolName="TAO" toolVersion="2024.02">
  <responseDeclaration identifier="RESPONSE" cardinality="single" baseType="integer"/>
  <responseDeclaration identifier="RESPONSE_1" cardinality="single" baseType="integer"/>
  <responseDeclaration identifier="RESPONSE_2" cardinality="single" baseType="integer"/>
  <itemBody>
    <div class="grid-row">
      <div class="col-6">
        <p>Do you like cookies?</p>
      </div>
      <div class="col-6">
        <customInteraction responseIdentifier="RESPONSE">
          <portableCustomInteraction xmlns="http://www.imsglobal.org/xsd/portableCustomInteraction" customInteractionTypeIdentifier="likertScaleInteraction" hook="likertScaleInteraction/runtime/likertScaleInteraction.min.js" version="0.6.0">
            <resources>
                                            <stylesheets><link href="likertScaleInteraction/runtime/css/base.css" type="text/css" title="base"/><link href="likertScaleInteraction/runtime/css/likertScaleInteraction.css" type="text/css" title="likertScaleInteraction"/></stylesheets><mediaFiles><file src="likertScaleInteraction/runtime/assets/ThumbDown.png" type="image/png"/><file src="likertScaleInteraction/runtime/assets/ThumbUp.png" type="image/png"/><file src="likertScaleInteraction/runtime/css/img/bg.png" type="image/png"/></mediaFiles></resources>
            <properties>
              <property key="level">5</property>
              <property key="label-min">No</property>
              <property key="label-max">Yes</property>
            </properties>
            <markup xmlns="http://www.w3.org/1999/xhtml">
              <div class="likertScaleInteraction">
                <div class="prompt"/>
                <div class="scale">
                  <ul class="likert"/>
                </div>
              </div>
            </markup>
          </portableCustomInteraction>
        </customInteraction>
      </div>
    </div>
    <div class="grid-row">
      <div class="col-6">How many did you eat today?</div>
      <div class="col-6">
        <customInteraction responseIdentifier="RESPONSE_1">
          <portableCustomInteraction xmlns="http://www.imsglobal.org/xsd/portableCustomInteraction" customInteractionTypeIdentifier="likertScaleInteraction" hook="likertScaleInteraction/runtime/likertScaleInteraction.min.js" version="0.6.0">
            <resources>
                                            <stylesheets><link href="likertScaleInteraction/runtime/css/base.css" type="text/css" title="base"/><link href="likertScaleInteraction/runtime/css/likertScaleInteraction.css" type="text/css" title="likertScaleInteraction"/></stylesheets><mediaFiles><file src="likertScaleInteraction/runtime/assets/ThumbDown.png" type="image/png"/><file src="likertScaleInteraction/runtime/assets/ThumbUp.png" type="image/png"/><file src="likertScaleInteraction/runtime/css/img/bg.png" type="image/png"/></mediaFiles></resources>
            <properties>
              <property key="level">5</property>
              <property key="label-min">None</property>
              <property key="label-max">Too many</property>
            </properties>
            <markup xmlns="http://www.w3.org/1999/xhtml">
              <div class="likertScaleInteraction">
                <div class="prompt"/>
                <div class="scale">
                  <ul class="likert"/>
                </div>
              </div>
            </markup>
          </portableCustomInteraction>
        </customInteraction>
      </div>
    </div>
    <div class="grid-row">
      <div class="col-6">
        <p>How is the training so far?</p>
      </div>
      <div class="col-6">
        <customInteraction responseIdentifier="RESPONSE_2">
          <portableCustomInteraction xmlns="http://www.imsglobal.org/xsd/portableCustomInteraction" customInteractionTypeIdentifier="likertScaleInteraction" hook="likertScaleInteraction/runtime/likertScaleInteraction.min.js" version="0.6.0">
            <resources>
                                            <stylesheets><link href="likertScaleInteraction/runtime/css/base.css" type="text/css" title="base"/><link href="likertScaleInteraction/runtime/css/likertScaleInteraction.css" type="text/css" title="likertScaleInteraction"/></stylesheets><mediaFiles><file src="likertScaleInteraction/runtime/assets/ThumbDown.png" type="image/png"/><file src="likertScaleInteraction/runtime/assets/ThumbUp.png" type="image/png"/><file src="likertScaleInteraction/runtime/css/img/bg.png" type="image/png"/></mediaFiles></resources>
            <properties>
              <property key="level">5</property>
              <property key="label-min">Meh...</property>
              <property key="label-max">Yeah!</property>
            </properties>
            <markup xmlns="http://www.w3.org/1999/xhtml">
              <div class="likertScaleInteraction">
                <div class="prompt"/>
                <div class="scale">
                  <ul class="likert"/>
                </div>
              </div>
            </markup>
          </portableCustomInteraction>
        </customInteraction>
      </div>
    </div>
  </itemBody>
  <responseProcessing/>
</assessmentItem>
