<?xml version="1.0" encoding="UTF-8"?>
<assessmentItem xmlns="http://www.imsglobal.org/xsd/imsqti_v2p2" xmlns:m="http://www.w3.org/1998/Math/MathML" xmlns:xsi="http://www.w3.org/2001/XMLSchema-instance" xmlns:html5="html5" xsi:schemaLocation="http://www.imsglobal.org/xsd/imsqti_v2p2 http://www.imsglobal.org/xsd/qti/qtiv2p2/imsqti_v2p2.xsd" identifier="i65ce346c4a3e7803c0b8cf9940704f" title="PCI liquids" label="PCI liquids" xml:lang="en-US" adaptive="false" timeDependent="false" toolName="TAO" toolVersion="2024.02">
  <responseDeclaration identifier="RESPONSE" cardinality="single" baseType="integer">
    <correctResponse>
      <value><![CDATA[6]]></value>
    </correctResponse>
  </responseDeclaration>
  <outcomeDeclaration identifier="SCORE" cardinality="single" baseType="float" normalMaximum="1" normalMinimum="0"/>
  <outcomeDeclaration identifier="MAXSCORE" cardinality="single" baseType="float">
    <defaultValue>
      <value>1</value>
    </defaultValue>
  </outcomeDeclaration>
  <itemBody>
    <div class="grid-row">
      <div class="col-12">Fill up the volume with 39 units</div>
    </div>
    <div class="grid-row">
      <div class="col-12">
        <customInteraction responseIdentifier="RESPONSE">
          <portableCustomInteraction xmlns="http://www.imsglobal.org/xsd/portableCustomInteraction" customInteractionTypeIdentifier="liquidsInteraction" hook="liquidsInteraction/runtime/liquidInteraction.min.js" version="0.5.0">
            <resources>
                                            </resources>
            <properties/>
            <markup xmlns="http://www.w3.org/1999/xhtml">
              <div class="liquidsInteraction">
                <div class="prompt"/>
                <canvas class="liquids" width="400" height="400"/>
              </div>
            </markup>
          </portableCustomInteraction>
        </customInteraction>
      </div>
    </div>
  </itemBody>
  <responseProcessing template="http://www.imsglobal.org/question/qti_v2p2/rptemplates/match_correct"/>
</assessmentItem>
