<?xml version="1.0" encoding="UTF-8"?>
<assessmentItem xmlns="http://www.imsglobal.org/xsd/imsqti_v2p2" xmlns:m="http://www.w3.org/1998/Math/MathML" xmlns:xsi="http://www.w3.org/2001/XMLSchema-instance" xsi:schemaLocation="http://www.imsglobal.org/xsd/imsqti_v2p2 http://www.imsglobal.org/xsd/qti/qtiv2p2/imsqti_v2p2.xsd" identifier="i65ce08699c6307308c13b97265f8eb" title="PCI fraction" label="PCI fraction" xml:lang="en-US" adaptive="false" timeDependent="false" toolName="TAO" toolVersion="2024.02">
  <responseDeclaration identifier="RESPONSE" cardinality="single" baseType="string"/>
  <outcomeDeclaration identifier="SCORE" cardinality="single" baseType="float" normalMaximum="0" normalMinimum="0"/>
  <itemBody>
    <div class="grid-row">
      <div class="col-12">
        <p>Please represent the given fraction using the given circle areas.</p>
      </div>
    </div>
    <div class="grid-row">
      <div class="col-12">
        <customInteraction responseIdentifier="RESPONSE">
          <portableCustomInteraction xmlns="http://www.imsglobal.org/xsd/portableCustomInteraction_v1" customInteractionTypeIdentifier="fractionModelInteraction" data-version="1.0.2">
            <properties>
              <property key="title">2/3</property>
              <property key="radius">100</property>
              <property key="selectedPartitionsColor">#ff0000</property>
              <property key="partitionColor">#ffffff</property>
              <property key="outlineColor">#000000</property>
              <property key="outlineThickness">1</property>
              <property key="partitionMax">12</property>
              <property key="partitionMin">1</property>
              <property key="partitionInit">2</property>
              <property key="selectedPartitionsInit">0</property>
              <property key="selectedPartitions">[]</property>
            </properties>
            <modules>
                    <module id="fractionModelInteraction/runtime/fractionModelInteraction.min" primaryPath="../runtime/fractionModelInteraction.min.js"/></modules>
            <markup xmlns="http://www.w3.org/1999/xhtml">
              <div class="fractionModelInteraction">
                <div class="shape-panel">
                  <h3 class="shape-title">2/3</h3>
                  <div class="shape-container"/>
                  <div class="shape-controls">
                    <button value="fewer" class="fewer btn btn-info" type="button">Fewer</button>
                    <button value="more" class="more btn btn-info" type="button">More</button>
                    <button value="reset" class="reset btn btn-info" type="button">Reset</button>
                  </div>
                </div>
              </div>
            </markup>
          </portableCustomInteraction>
        </customInteraction>
      </div>
    </div>
  </itemBody>
  <responseProcessing>
    <responseCondition>
      <responseIf>
        <equal tolerance="0.000000000001" toleranceMode="absolute">
          <divide>
            <customOperator class="qti.customOperators.math.fraction.Numerator">
              <variable identifier="RESPONSE"/>
            </customOperator>
            <customOperator class="qti.customOperators.math.fraction.Denominator">
              <variable identifier="RESPONSE"/>
            </customOperator>
          </divide>
          <divide>
            <customOperator class="qti.customOperators.math.fraction.Numerator">
              <correct identifier="RESPONSE"/>
            </customOperator>
            <customOperator class="qti.customOperators.math.fraction.Denominator">
              <correct identifier="RESPONSE"/>
            </customOperator>
          </divide>
        </equal>
        <setOutcomeValue identifier="SCORE">
          <sum>
            <variable identifier="SCORE"/>
            <baseValue baseType="float">1</baseValue>
          </sum>
        </setOutcomeValue>
      </responseIf>
      <responseElse>
        <setOutcomeValue identifier="SCORE">
          <baseValue baseType="float">0</baseValue>
        </setOutcomeValue>
      </responseElse>
    </responseCondition>
  </responseProcessing>
</assessmentItem>
