<?xml version="1.0" encoding="UTF-8"?>
<assessmentItem xmlns="http://www.imsglobal.org/xsd/imsqti_v2p2" xmlns:m="http://www.w3.org/1998/Math/MathML" xmlns:xsi="http://www.w3.org/2001/XMLSchema-instance" xsi:schemaLocation="http://www.imsglobal.org/xsd/imsqti_v2p2 http://www.imsglobal.org/xsd/qti/qtiv2p2/imsqti_v2p2.xsd" identifier="i65ce090a1f48c7aae15da89cd670e5" title="PCI line graph" label="PCI line graph" xml:lang="en-US" adaptive="false" timeDependent="false" toolName="TAO" toolVersion="2024.02">
  <responseDeclaration identifier="RESPONSE" cardinality="record">
    <correctResponse>
      <value baseType="integer" fieldIdentifier="numberPointsRequired"><![CDATA[2]]></value>
    </correctResponse>
  </responseDeclaration>
  <outcomeDeclaration identifier="SCORE" cardinality="single" baseType="float" normalMaximum="0" normalMinimum="0"/>
  <itemBody>
    <div class="grid-row">
      <div class="col-12">
        <p>Please represent the graph for the following functions:</p>
        <p class="txt-ctr">
          <m:math>
            <m:semantics>
              <m:mstyle displaystyle="true" scriptlevel="0">
                <m:mrow class="MJX-TeXAtom-ORD">
                  <m:mi>f</m:mi>
                  <m:mo stretchy="false">(</m:mo>
                  <m:mi>x</m:mi>
                  <m:mo stretchy="false">)</m:mo>
                  <m:mo>=</m:mo>
                  <m:mo>−</m:mo>
                  <m:mfrac>
                    <m:mn>1</m:mn>
                    <m:mn>3</m:mn>
                  </m:mfrac>
                  <m:mi>x</m:mi>
                  <m:mo>+</m:mo>
                  <m:mn>2</m:mn>
                </m:mrow>
              </m:mstyle>
              <m:annotation encoding="latex">f(x)=-\frac{1}{3}x+2</m:annotation>
            </m:semantics>
          </m:math>
        </p>
      </div>
    </div>
    <div class="grid-row">
      <div class="col-12">
        <customInteraction responseIdentifier="RESPONSE">
          <portableCustomInteraction xmlns="http://www.imsglobal.org/xsd/portableCustomInteraction_v1" customInteractionTypeIdentifier="graphFunctionInteraction" data-version="1.0.1">
            <properties>
              <property key="graphs">linear</property>
              <property key="graphTitle"></property>
              <property key="graphTitleRequired"></property>
              <property key="plotColor">#0000FF</property>
              <property key="plotThickness">6</property>
              <property key="pointColor">#0000FF</property>
              <property key="pointGlow">true</property>
              <property key="pointRadius">8</property>
              <property key="weight">1</property>
              <property key="width">450</property>
              <property key="height">450</property>
              <property key="xAllowOuter">true</property>
              <property key="xBorderWeight">3</property>
              <property key="xStep">1</property>
              <property key="xLabel"></property>
              <property key="xTitle"></property>
              <property key="xStart">-10</property>
              <property key="xEnd">10</property>
              <property key="xSubStep">2</property>
              <property key="xWeight">3</property>
              <property key="yAllowOuter">true</property>
              <property key="yBorderWeight">3</property>
              <property key="yStep">1</property>
              <property key="yLabel"></property>
              <property key="yTitle"></property>
              <property key="yStart">-10</property>
              <property key="yEnd">10</property>
              <property key="ySubStep">2</property>
              <property key="yWeight">3</property>
            </properties>
            <modules>
                    <module id="graphFunctionInteraction/runtime/graphFunctionInteraction.min" primaryPath="../runtime/graphFunctionInteraction.min.js"/></modules>
            <markup xmlns="http://www.w3.org/1999/xhtml">
              <div class="graphFunctionInteraction">
                <div class="shape-panel">
                  <div class="shape-controls">
                    <button name="linear" value="linear" class="btn btn-info" type="button">Linear</button>
                    <button name="absolute" value="absolute" class="btn btn-info" type="button">Absolute Value</button>
                    <button name="quadratic" value="quadratic" class="btn btn-info" type="button">Quadratic</button>
                    <button name="exponential" value="exponential" class="btn btn-info" type="button">Exponential</button>
                    <button name="logarithmic" value="logarithmic" class="btn btn-info" type="button">Logarithmic</button>
                    <button name="cosine" value="cosine" class="btn btn-info" type="button">Sin/Cos</button>
                    <button name="tangent" value="tangent" class="btn btn-info" type="button">Tan/Cotan</button>
                  </div>
                  <div class="shape-container"/>
                </div>
              </div>
            </markup>
          </portableCustomInteraction>
        </customInteraction>
      </div>
    </div>
  </itemBody>
  <responseProcessing>
    <responseCondition>
      <responseIf>
        <and>
          <match>
            <index n="1">
              <customOperator class="qti.customOperators.CsvToOrdered">
                <fieldValue fieldIdentifier="points">
                  <variable identifier="RESPONSE"/>
                </fieldValue>
              </customOperator>
            </index>
            <fieldValue fieldIdentifier="vertex">
              <correct identifier="RESPONSE"/>
            </fieldValue>
          </match>
          <match>
            <fieldValue fieldIdentifier="functionGraphType">
              <variable identifier="RESPONSE"/>
            </fieldValue>
            <fieldValue fieldIdentifier="functionGraphType">
              <correct identifier="RESPONSE"/>
            </fieldValue>
          </match>
          <not>
            <match>
              <index n="1">
                <customOperator class="qti.customOperators.CsvToOrdered">
                  <fieldValue fieldIdentifier="points">
                    <variable identifier="RESPONSE"/>
                  </fieldValue>
                </customOperator>
              </index>
              <index n="2">
                <customOperator class="qti.customOperators.CsvToOrdered">
                  <fieldValue fieldIdentifier="points">
                    <variable identifier="RESPONSE"/>
                  </fieldValue>
                </customOperator>
              </index>
            </match>
          </not>
          <equal toleranceMode="exact">
            <customOperator class="qti.customOperators.math.graph.CountPointsThatSatisfyEquation">
              <customOperator class="qti.customOperators.CsvToMultiple">
                <fieldValue fieldIdentifier="points">
                  <variable identifier="RESPONSE"/>
                </fieldValue>
              </customOperator>
              <fieldValue fieldIdentifier="equation">
                <correct identifier="RESPONSE"/>
              </fieldValue>
            </customOperator>
            <fieldValue fieldIdentifier="numberPointsRequired">
              <correct identifier="RESPONSE"/>
            </fieldValue>
          </equal>
        </and>
        <setOutcomeValue identifier="SCORE">
          <sum>
            <variable identifier="SCORE"/>
            <baseValue baseType="float">1</baseValue>
          </sum>
        </setOutcomeValue>
      </responseIf>
      <responseElse>
        <setOutcomeValue identifier="SCORE">
          <baseValue baseType="float">0</baseValue>
        </setOutcomeValue>
      </responseElse>
    </responseCondition>
  </responseProcessing>
</assessmentItem>
