<?xml version="1.0"?>
<manifest xmlns="http://www.imsglobal.org/xsd/imscp_v1p1" xmlns:xsi="http://www.w3.org/2001/XMLSchema-instance" xsi:schemaLocation="http://www.imsglobal.org/xsd/imscp_v1p1 http://www.imsglobal.org/xsd/qti/qtiv2p2/qtiv2p2_imscpv1p2_v1p0.xsd http://ltsc.ieee.org/xsd/LOM http://www.imsglobal.org/xsd/imsmd_loose_v1p3p2.xsd http://ltsc.ieee.org/xsd/LOM http://www.imsglobal.org/xsd/imsmd_loose_v1p3p2.xsd http://ltsc.ieee.org/xsd/LOM http://www.imsglobal.org/xsd/imsmd_loose_v1p3p2.xsd http://ltsc.ieee.org/xsd/LOM http://www.imsglobal.org/xsd/imsmd_loose_v1p3p2.xsd http://ltsc.ieee.org/xsd/LOM http://www.imsglobal.org/xsd/imsmd_loose_v1p3p2.xsd http://ltsc.ieee.org/xsd/LOM http://www.imsglobal.org/xsd/imsmd_loose_v1p3p2.xsd" identifier="MANIFEST-tao65cf90ce0e96d0-16431167" xmlns:imsmd="http://ltsc.ieee.org/xsd/LOM">
    <metadata>
        <schema>QTIv2.2 Package</schema>
        <schemaversion>1.0.0</schemaversion>
    </metadata>
    <organizations/>
    <resources>
                <resource identifier="i65ce08699c6307308c13b97265f8eb" type="imsqti_item_xmlv2p2" href="i65ce08699c6307308c13b97265f8eb/qti.xml">
            <metadata><imsmd:lom><imsmd:classification><imsmd:taxonPath><imsmd:source><imsmd:string xml:lang="en-US">http://www.w3.org/2000/01/rdf-schema#label</imsmd:string></imsmd:source><imsmd:taxon><imsmd:entry><imsmd:string xml:lang="en-US">PCI fraction</imsmd:string></imsmd:entry></imsmd:taxon></imsmd:taxonPath></imsmd:classification></imsmd:lom></metadata><file href="i65ce08699c6307308c13b97265f8eb/qti.xml"/>
                        <file href="runtime/fractionModelInteraction.min.js"/>
                    </resource>
            <resource identifier="i65ce090a1f48c7aae15da89cd670e5" type="imsqti_item_xmlv2p2" href="i65ce090a1f48c7aae15da89cd670e5/qti.xml">
            <metadata><imsmd:lom><imsmd:classification><imsmd:taxonPath><imsmd:source><imsmd:string xml:lang="en-US">http://www.w3.org/2000/01/rdf-schema#label</imsmd:string></imsmd:source><imsmd:taxon><imsmd:entry><imsmd:string xml:lang="en-US">PCI line graph</imsmd:string></imsmd:entry></imsmd:taxon></imsmd:taxonPath></imsmd:classification></imsmd:lom></metadata><file href="i65ce090a1f48c7aae15da89cd670e5/qti.xml"/>
                        <file href="runtime/graphFunctionInteraction.min.js"/>
                    </resource><resource identifier="i65ce0b294216984ce36ecb04bc7336" type="imsqti_item_xmlv2p2" href="i65ce0b294216984ce36ecb04bc7336/qti.xml">
            <metadata><imsmd:lom><imsmd:classification><imsmd:taxonPath><imsmd:source><imsmd:string xml:lang="en-US">http://www.w3.org/2000/01/rdf-schema#label</imsmd:string></imsmd:source><imsmd:taxon><imsmd:entry><imsmd:string xml:lang="en-US">PCI text reading</imsmd:string></imsmd:entry></imsmd:taxon></imsmd:taxonPath></imsmd:classification></imsmd:lom></metadata><file href="i65ce0b294216984ce36ecb04bc7336/qti.xml"/>
                        <file href="runtime/textReaderInteraction.min.js"/>
                        <file href="runtime/audioRecordingInteraction.min.js"/>
                    </resource><resource identifier="i65ce31553dda279d9bd66a6cd0847d" type="imsqti_item_xmlv2p2" href="i65ce31553dda279d9bd66a6cd0847d/qti.xml">
            <metadata><imsmd:lom><imsmd:classification><imsmd:taxonPath><imsmd:source><imsmd:string xml:lang="en-US">http://www.w3.org/2000/01/rdf-schema#label</imsmd:string></imsmd:source><imsmd:taxon><imsmd:entry><imsmd:string xml:lang="en-US">PCI geogebra</imsmd:string></imsmd:entry></imsmd:taxon></imsmd:taxonPath></imsmd:classification></imsmd:lom></metadata><file href="i65ce31553dda279d9bd66a6cd0847d/qti.xml"/>
                        <file href="interaction/runtime/js/GGBInteraction.js"/>
                        <file href="interaction/runtime/js/renderer.js"/>
                        <file href="interaction/runtime/js/instancer.js"/>
                        <file href="interaction/runtime/js/lib/deployggb.js"/>
                    </resource><resource identifier="i65ce346c4a3e7803c0b8cf9940704f" type="imsqti_item_xmlv2p2" href="i65ce346c4a3e7803c0b8cf9940704f/qti.xml">
            <metadata><imsmd:lom><imsmd:classification><imsmd:taxonPath><imsmd:source><imsmd:string xml:lang="en-US">http://www.w3.org/2000/01/rdf-schema#label</imsmd:string></imsmd:source><imsmd:taxon><imsmd:entry><imsmd:string xml:lang="en-US">PCI liquids</imsmd:string></imsmd:entry></imsmd:taxon></imsmd:taxonPath></imsmd:classification></imsmd:lom></metadata><file href="i65ce346c4a3e7803c0b8cf9940704f/qti.xml"/>
                        <file href="i65ce346c4a3e7803c0b8cf9940704f/liquidsInteraction/runtime/liquidInteraction.min.js"/>
                        <file href="i65ce346c4a3e7803c0b8cf9940704f/liquidsInteraction/runtime/liquidInteraction.js"/>
                    </resource><resource identifier="i65ce35d70853b8f778611af0742055" type="imsqti_item_xmlv2p2" href="i65ce35d70853b8f778611af0742055/qti.xml">
            <metadata><imsmd:lom><imsmd:classification><imsmd:taxonPath><imsmd:source><imsmd:string xml:lang="en-US">http://www.w3.org/2000/01/rdf-schema#label</imsmd:string></imsmd:source><imsmd:taxon><imsmd:entry><imsmd:string xml:lang="en-US">PCI likert</imsmd:string></imsmd:entry></imsmd:taxon></imsmd:taxonPath></imsmd:classification></imsmd:lom></metadata><file href="i65ce35d70853b8f778611af0742055/qti.xml"/>
                        <file href="i65ce35d70853b8f778611af0742055/likertScaleInteraction/runtime/likertScaleInteraction.min.js"/>
                        <file href="i65ce35d70853b8f778611af0742055/likertScaleInteraction/runtime/css/base.css"/>
                        <file href="i65ce35d70853b8f778611af0742055/likertScaleInteraction/runtime/css/likertScaleInteraction.css"/>
                        <file href="i65ce35d70853b8f778611af0742055/likertScaleInteraction/runtime/assets/ThumbDown.png"/>
                        <file href="i65ce35d70853b8f778611af0742055/likertScaleInteraction/runtime/assets/ThumbUp.png"/>
                        <file href="i65ce35d70853b8f778611af0742055/likertScaleInteraction/runtime/css/img/bg.png"/>
                        <file href="i65ce35d70853b8f778611af0742055/likertScaleInteraction/runtime/js/likertScaleInteraction.js"/>
                        <file href="i65ce35d70853b8f778611af0742055/likertScaleInteraction/runtime/js/renderer.js"/>
                    </resource></resources>
</manifest>
